﻿Designator,Footprint,Quantity,Value,LCSC Part #
A1,RaspberryPi_Pico_Common,1,RaspberryPi_Pico_W,
A2,RaspberryPi_Pico_Common,1,RaspberryPi_Pico,
"C1, C14, C5",0603,3,1u 50V,
"C10, C11, C12, C13, C15, C16, C20, C21, C22, C23, C24, C25, C26, C27, C28, C29, C3, C30, C32, C4, C41, C42, C53, C55, C57, C6, C7, C8, C9",0603,29,100n 50V,
"C17, C18",0603,2,22p 50V,
"C19, C2, C31, C34, C35, C54, C56",0603,7,10u 10V,
"C33, C36, C37, C38, C39, C40, C43, C44, C45, C46, C47, C48, C49, C50, C51, C52",0402,16,100n 50V,CL05B104KB54PNC
"D1, D10, D11, D12, D13, D4, D5, D6, D7, D8, D9",SOT-23-6,11,ESDA6V1BC6,ESDA6V1BC6
"D14, D2",D_PowerDI-123,2,"1A, 30V",DFLS130-7
"D15, D16, D17, D3",0603,4,LED R,
"D18, D19, D20, D21, D22, D23, D24, D25, D26, D27, D28, D29, D30, D31, D32, D33",LED_WS2812B_PLCC4_5.0x5.0mm_P3.2mm,16,WS2812B,XL-5050RGBC-WS2812B
"J1, J2",PinHeader_2x20_P2.54mm_Vertical,2,PZ2.54-2*20,
J10,PinHeader_2x02_P2.54mm_Vertical,1,UART_SEPARATOR,
J11,PinHeader_1x06_P2.54mm_Vertical,1,NRF,
"J12, J13",PinHeader_1x03_P2.54mm_Vertical,2,BTN_KNOB,
J14,PinHeader_1x02_P2.54mm_Vertical,1,KNOB_AND_WS,
J19,PinHeader_1x03_P2.54mm_Vertical,1,SONAR,
J20,PinHeader_1x06_P2.54mm_Vertical,1,micro_sd,
J21,PinSocket_2x04_P2.54mm_Vertical,1,NRF_24_socket,
J22,PinSocket_1x04_P2.54mm_Vertical,1,SSD1306_128x32_OLED,
J3,USB_C_Receptacle_Molex_105450-0101,1,USB_C_Receptacle,
J4,PinHeader_1x03_P2.54mm_Vertical,1,probe_debug,
J5,microSD_HC_Molex_104031-0811,1,Micro_SD_Card,
J6,PinHeader_1x02_P2.54mm_Vertical,1,OLED I2C,
J7,PinHeader_1x02_P2.54mm_Vertical,1,VL53_PINS,
J8,PinSocket_1x04_P2.54mm_Vertical,1,HC-SR04,
J9,PinHeader_1x02_P2.54mm_Vertical,1,I2C,
"JP1, JP2",SolderJumper-2_P1.3mm_Bridged_RoundedPad1.0x1.5mm,2,NC,
"JP3, JP4, JP5",SolderJumper-2_P1.3mm_Open_RoundedPad1.0x1.5mm,3,NO,
L1,L_Wuerth_MAPI-3020,1,4.7uH,VLS3015ET-4R7M
"R1, R11, R17, R23, R24, R9",0603,6,10k 1%,
"R10, R14, R15, R16, R20, R3, R4",0603,7,5k1 1%,
R18,0603,1,110k 1%,
R19,0603,1,15k 1%,
"R2, R8",0603,2,1k 1%,
"R21, R22, R25, R26",0603,4,2k2 1%,
"R27, R28, R29, R30",0603,4,100R 1%,
"R5, R6",0603,2,27R 1%,
RV2,Potentiometer_Bourns_3386P_Vertical,1,10k 3386P-1-103TLF,
SW1,SW_SPST_B3U-1000P,1,BOOTSEL,
"SW2, SW7",SW_SPST_B3U-1000P,2,RUN,
SW4,SW_Push_1P1T_NO_6x6mm_H9.5mm,1,BTN1,
SW5,SW_Push_1P1T_NO_6x6mm_H9.5mm,1,BTN0,
SW6,SW_Push_1P1T_NO_6x6mm_H9.5mm,1,BTN2,
U1,LGA-16_3x3mm_P0.5mm_LayoutBorder3x5y,1,LIS3DH,
U10,Sensirion_DFN-8-1EP_2.5x2.5mm_P0.5mm_EP1.1x1.7mm,1,SHT30-DIS,
U2,Broadcom_DFN-6_2x2mm_P0.65mm,1,APDS-9306-065,APDS-9306-065
"U3, U6",SOT-23-5,2,SN74LVC1G14DBV,SN74LVC1G14DBV
U4,SOIC-8_3.9x4.9mm_P1.27mm,1,M24256-BR,M24256-BRMN6TP
U5,QFN-56-1EP_7x7mm_P0.4mm_EP3.2x3.2mm,1,RP2040,
U7,SOIC-8_5.23x5.23mm_P1.27mm,1,W25Q16JVSS,
U8,SOT-23-6,1,MT3608,
U9,ST_VL53L1x,1,VL53L0CXV0DH1,
Y1,Crystal_SMD_3225-4Pin_3.2x2.5mm,1,12 MHz,X322512MSB4SI
