﻿Designator,Footprint,Quantity,Value,LCSC Part #
"C10, C11, C12, C13, C15, C16, C20, C21, C22, C23, C24, C25, C26, C27, C28, C29, C3, C30, C32, C4, C41, C42, C53, C55, C57, C6, C60, C61, C62, C64, C65, C69, C7, C71, C72, C8, C9",0603,37,100n 50V,C14663
"C14, C5",0603,2,1u 50V,C15849
"C17, C18",0603,2,22p 50V,C1653
"C19, C2, C31, C34, C35, C54, C56, C67",0603,8,10u 10V,C19702
"C33, C36, C37, C38, C39, C40, C43, C44, C45, C46, C47, C48, C49, C50, C51, C52",0402,16,100n 16V,C1525
"C58, C59, C73",CP_EIA-3528-21_Kemet-B_Pad1.50x2.35mm_HandSolder,3,100u 6V3 Tantal,C16133
"C63, C66",0805,2,47u 6V3,C16780
C70,0603,1,1n 50V,C1588
"D1, D10, D11, D12, D13, D38, D39, D4, D5, D6, D7, D8, D9",SOT-23-6,13,ESDA6V1BC6,C495220
"D14, D2, D34",D_PowerDI-123,3,"2A, 30V",C2960361
"D15, D16, D17, D3, D40, D41, D42, D43",0603,8,LED R,C2286
"D18, D19, D20, D21, D22, D23, D24, D25, D26, D27, D28, D29, D30, D31, D32, D33",LED_WS2812B_PLCC4_5.0x5.0mm_P3.2mm,16,WS2812B,C2843785
"D35, D36, D37",D_SMA,3,SMAJ12CA,C908818
"J1, J2",PinHeader_2x20_P2.54mm_Vertical,2,PZ2.54-2*20,C5224014
J10,PinHeader_2x02_P2.54mm_Vertical,1,UART_SEPARATOR,C7501273
J11,PinHeader_1x06_P2.54mm_Vertical,1,NRF,C37208
"J12, J13",PinHeader_1x03_P2.54mm_Vertical,2,BTN_KNOB,C49257
J14,PinHeader_1x02_P2.54mm_Vertical,1,KNOB_AND_WS,C492401
"J15, J16, J17, J18",JST_SH_BM03B-SRSS-TB_1x03-1MP_P1.00mm_Vertical,4,dbg,C495538
J19,PinHeader_1x03_P2.54mm_Vertical,1,SONAR,C49257
J20,PinHeader_1x06_P2.54mm_Vertical,1,micro_sd,C37208
J21,PinSocket_2x04_P2.54mm_Vertical,1,NRF_24_socket,C92271
J22,PinSocket_1x04_P2.54mm_Vertical,1,SSD1306_128x32_OLED,C2718488
J23,PinHeader_1x06_P2.54mm_Vertical,1,3V3,C37208
J24,PinHeader_2x06_P2.54mm_Vertical,1,GND,C492423
J25,PinHeader_1x06_P2.54mm_Vertical,1,5V,C37208
J26,PinHeader_1x02_P2.54mm_Vertical,1,TERM,C492401
J27,Jack_3.5mm_PJ320D_Horizontal,1,PJ-320D,C431535
"J28, J29","TerminalBlock_Phoenix_MKDS-1,5-2-5.08_1x02_P5.08mm_Horizontal",2,screw_term,C395734
J3,USB_C_Receptacle_Molex_105450-0101,1,USB_C_Receptacle,C134092
J30,PinHeader_1x03_P2.54mm_Vertical,1,RS485,C49257
J32,PinHeader_1x03_P2.54mm_Vertical,1,AUDIO,C49257
J33,PinHeader_1x08_P2.54mm_Vertical,1,EXP,C18078205
J34,PinSocket_1x08_P2.54mm_Vertical,1,EXP,C5224027
J4,PinHeader_1x03_P2.54mm_Vertical,1,probe_debug,C49257
J5,microSD_HC_Molex_104031-0811,1,Micro_SD_Card,C585350
J6,PinHeader_1x02_P2.54mm_Vertical,1,OLED I2C,C492401
J7,PinHeader_1x02_P2.54mm_Vertical,1,VL53_PINS,C492401
J8,PinSocket_1x04_P2.54mm_Vertical,1,HC-SR04,C2718488
J9,PinHeader_1x02_P2.54mm_Vertical,1,I2C,C492401
JP5,SolderJumper-2_P1.3mm_Open_RoundedPad1.0x1.5mm,1,NO,
L1,1206,1,4.7uH,C139250
MK1,PinHeader_1x02_P2.54mm_Vertical,1,GMI9767P-52DB,C234023
"R1, R11, R17, R23, R24, R36, R38, R42, R43, R44, R45, R46, R47, R49, R50, R51, R52, R54, R9",0603,19,10k 1%,C25804
"R10, R14, R15, R16, R20, R3, R4, R55, R56",0603,9,5k1 1%,C23186
R18,0603,1,110k 1%,C25805
R19,0603,1,15k 1%,C22809
"R2, R8",0603,2,1k 1%,C21190
"R21, R22, R25, R26, R48",0603,5,2k2 1%,C4190
"R27, R28, R29, R30, R32, R33, R53",0603,7,100R 1%,C22775
"R31, R37",0603,2,220R 1%,C22962
"R34, R35",0603,2,1k8 1%,C4177
"R39, R40",0603,2,4k7 1%,C23162
R41,0603,1,120R 1%,C22787
"R5, R6",0603,2,27R 1%,C25190
RV1,Potentiometer_Bourns_3386P_Vertical,1,500k 3386P-1-504TLF,C116316
RV2,Potentiometer_Bourns_3386P_Vertical,1,10k 3386P-1-103TLF,C116302
SW1,SW_SPST_B3U-1000P,1,BOOTSEL,C231329
"SW2, SW7",SW_SPST_B3U-1000P,2,RUN,C231329
SW4,SW_Push_1P1T_NO_6x6mm_H9.5mm,1,BTN1,C455112
SW5,SW_Push_1P1T_NO_6x6mm_H9.5mm,1,BTN0,C455112
SW6,SW_Push_1P1T_NO_6x6mm_H9.5mm,1,BTN2,C455112
U1,LGA-16_3x3mm_P0.5mm_LayoutBorder3x5y,1,LIS3DH,C15134
U10,Sensirion_DFN-8-1EP_2.5x2.5mm_P0.5mm_EP1.1x1.7mm,1,SHT30-DIS,C2687423
U11,SOT-223-3_TabPin2,1,AMS1117-3.3,C6186
"U12, U13, U3, U6",SOT-23-5,4,SN74LVC1G14DBV,C7835
U14,SOIC-8_3.9x4.9mm_P1.27mm,1,MAX485E,C19738
U16,SOIC-8_3.9x4.9mm_P1.27mm,1,LMV358IDR,C63813
U4,SOIC-8_3.9x4.9mm_P1.27mm,1,M24256-BR,C79984
U5,QFN-56-1EP_7x7mm_P0.4mm_EP3.2x3.2mm,1,RP2040,C2040
U7,SOIC-8_5.23x5.23mm_P1.27mm,1,W25Q16JVSS,C131025
U8,SOT-23-6,1,MT3608,C84817
U9,ST_VL53L1x,1,VL53L0CXV0DH1,C91199
Y1,Crystal_SMD_3225-4Pin_3.2x2.5mm,1,12 MHz,C9002
